{
  "project_info": {
    "project_number": "1001080856384",
    "project_id": "login-ebe81",
    "storage_bucket": "login-ebe81.appspot.com"
  },
  "client": [
    {
      "client_info": {
        "mobilesdk_app_id": "1:1001080856384:android:24cd45f90c69a75861e4a5",
        "android_client_info": {
          "package_name": "com.example.login"
        }
      },
      "oauth_client": [
        {
          "client_id": "1001080856384-jlmcgkn3i63tjqki8htqgpn2fpfhsmie.apps.googleusercontent.com",
          "client_type": 3
        }
      ],
      "api_key": [
        {
          "current_key": "AIzaSyBXKQ7qjt-B5H3EAV506rwbDelRF9iRcPo"
        }
      ],
      "services": {
        "appinvite_service": {
          "other_platform_oauth_client": [
            {
              "client_id": "1001080856384-jlmcgkn3i63tjqki8htqgpn2fpfhsmie.apps.googleusercontent.com",
              "client_type": 3
            }
          ]
        }
      }
    }
  ],
  "configuration_version": "1"
}